商品名,上架时间,发货地,供应商,价格,90天内销量,产品原链接
2026新款汽车凝胶坐垫 四季通用透气座椅垫 夏季蜂窝车载座垫冰凉,2026/03/01 上架,浙江宁波市,- 宁海典迪贸易商行（个体工商户） 一件起订 先采后付,40,90天销10万+件,https://detail.1688.com/offer/1024927679796.html?lang=zh&kjSource=pc&fromkv=refer%3AGVHFESCLLBNFER2BLJCEST2KKNDTIM2EJ5HUUWCIIUZUMNRTIRIUUTSTLBJTKM2QJ5FFGRSHLJGEET2KKJLVCWC2KJDTIM2UI5HEUWSHGRNFIQ2NLJMEONCZKY3DMM2N&bizType=cbu&customerId=cbu
电影院头套座椅套大巴车中巴车公交出租动车学校汽车座椅车内全包,2026/03/04 上架,河北保定市,- 保定白沟新城子宁纸塑包装制品厂 包邮 先采后付,1.27,90天销5300+件,https://detail.1688.com/offer/1028459084812.html?lang=zh&kjSource=pc&fromkv=refer%3AGVHFESCLLBNFER2BLJCFCTSCKZEEKWKEKFHEEWKHIVNEMNRTIRIUUTSTLBJTKM2QJ5FFGRSHLJGEET2KKJLVCWC2KJDTIM2UI5HEUWSHGRNFIQ2NLJMEONCZKY3DMM2N&bizType=cbu&customerId=cbu
定制跨境汽车坐垫纳帕皮科技布亚麻座套牧马人RAV4汽车座椅保护套,2026/02/28 上架,浙江天台县,- 天台车旅魔方汽车用品有限公司 先采后付,120,90天销5000+件,https://detail.1688.com/offer/1024628579558.html?lang=zh&kjSource=pc&fromkv=refer%3AGVHFESCLLBNFER2BLJCESTSSKNEECMSUJ5HUUVSHKU2EMNRTIRIUUTSTLBJTKM2QJ5FFGRSHLJGEET2KKJLVCWC2KJDTIM2UI5HEUWSHGRNFIQ2NLJMEONCZKY3DMM2N&bizType=cbu&customerId=cbu
定制全包汽车坐垫跨境高档纳帕皮座套四季通用全皮革车载座垫定做,2026/02/28 上架,浙江天台县,- 天台车旅魔方汽车用品有限公司 先采后付,120,90天销2100+件,https://detail.1688.com/offer/1025269950677.html?lang=zh&kjSource=pc&fromkv=refer%3AGVHFESCLLBNFER2BLJCEWTKSK5EEKNCUJNGUEV2HGQZVMNRTIRIUUTSTLBJTKM2QJ5FFGRSHLJGEET2KKJLVCWC2KJDTIM2UI5HEUWSHGRNFIQ2NLJMEONCZKY3DMM2N&bizType=cbu&customerId=cbu
右舵适用比亚迪宋 Pro DM-i防滑耐磨环保无异味包门槛TPE汽车脚垫,2026/02/27 上架,山东临沂市,- 临沂市兰山区盼盼汽车用品厂（个体工商户） 品质可靠退款低 包邮,148,90天销1500+件,https://detail.1688.com/offer/1024258871370.html?lang=zh&kjSource=pc&fromkv=refer%3AGVHFESCLLBNFER2BLJCESTKSKZEECNCEJ5GUUVCHGRMUMNRTIRIUUTSTLBJTKM2QJ5FFGRSHLJGEET2KKJLVCWC2KJDTIM2UI5HEUWSHGRNFIQ2NLJMEONCZKY3DMM2N&bizType=cbu&customerId=cbu
定制外贸汽车座垫RAV4 2014-2025 Hybrid/LE/Prime纳帕皮全包座垫,2026/02/28 上架,浙江天台县,- 天台车旅魔方汽车用品有限公司 先采后付,320,90天销1000+件,https://detail.1688.com/offer/1025287590579.html?lang=zh&kjSource=pc&fromkv=refer%3AGVHFESCLLBNFER2BLJCEWTKSLFDTIMSUKNGUEVSHGQ2FMNRTIRIUUTSTLBJTKM2QJ5FFGRSHLJGEET2KKJLVCWC2KJDTIM2UI5HEUWSHGRNFIQ2NLJMEONCZKY3DMM2N&bizType=cbu&customerId=cbu
汽车维修一次性座套坐垫三件套保养维修座椅套塑料方向盘套批发,2026/02/27 上架,河北保定市,- 白沟新城诺纳汽车用品商行 先采后付,0.19,90天销1000+件,https://detail.1688.com/offer/1026644336761.html?lang=zh&kjSource=pc&fromkv=refer%3AGVHFESCLLBNFER2BLJCE2TSSKVDVCWSUI5HFEWCHLFMVMNRTIRIUUTSTLBJTKM2QJ5FFGRSHLJGEET2KKJLVCWC2KJDTIM2UI5HEUWSHGRNFIQ2NLJMEONCZKY3DMM2N&bizType=cbu&customerId=cbu
汽车后备箱宠物垫SUV 轿车等通用车载尾箱垫210T涤塔夫宠物车载垫,2026/02/28 上架,浙江金华市,- 义乌市凌途汽车用品厂（个体工商户） 品质可靠退款低 一件起订,12.22,90天销600+件,https://detail.1688.com/offer/1024674471451.html?lang=zh&kjSource=pc&fromkv=refer%3AGVHFESCLLBNFER2BLJCESTSSLBDVCMSEJ5GUUVKHKVMVMNRTIRIUUTSTLBJTKM2QJ5FFGRSHLJGEET2KKJLVCWC2KJDTIM2UI5HEUWSHGRNFIQ2NLJMEONCZKY3DMM2N&bizType=cbu&customerId=cbu
亚马逊专供汽车后排宠物垫轿车 卡车 越野车等通用车载后座垫子,2026/02/28 上架,浙江金华市,- 义乌市凌途汽车用品厂（个体工商户） 品质可靠退款低 一件起订,26,90天销200+件,https://detail.1688.com/offer/1027046112224.html?lang=zh&kjSource=pc&fromkv=refer%3AGVHFESCLLBNFER2BLJCE6TKCKVDVSWKUINGVEU2HJEZEMNRTIRIUUTSTLBJTKM2QJ5FFGRSHLJGEET2KKJLVCWC2KJDTIM2UI5HEUWSHGRNFIQ2NLJMEONCZKY3DMM2N&bizType=cbu&customerId=cbu
亚马逊通用平板款汽车座椅套跨境temu墨西哥出口汽车座垫套装批发,2026/03/04 上架,浙江义乌市,- 义乌市新锐汽车用品有限公司 品质可靠退款低 一件起订,11,90天销200+件,https://detail.1688.com/offer/1026700714024.html?lang=zh&kjSource=pc&fromkv=refer%3AGVHFESCLLBNFER2BLJCE2TS2KFDUCM2UINHEEUKHJEZEMNRTIRIUUTSTLBJTKM2QJ5FFGRSHLJGEET2KKJLVCWC2KJDTIM2UI5HEUWSHGRNFIQ2NLJMEONCZKY3DMM2N&bizType=cbu&customerId=cbu
汽车坐垫2025新款汽车屁垫通用四季汽车坐垫三件套轻奢高级感,2026/02/27 上架,山东德州市,- 德州昊广汽车装具有限公司 品质可靠退款低 一件起订,18.6,90天销200+件,https://detail.1688.com/offer/1024101923226.html?lang=zh&kjSource=pc&fromkv=refer%3AGVHFESCLLBNFER2BLJCESTKKKFDUKNCUIVGVUU2HJEZUMNRTIRIUUTSTLBJTKM2QJ5FFGRSHLJGEET2KKJLVCWC2KJDTIM2UI5HEUWSHGRNFIQ2NLJMEONCZKY3DMM2N&bizType=cbu&customerId=cbu
通用五座七座汽车面包车座椅套跨境专供腰线设计布艺坐垫椅垫批发,2026/02/28 上架,浙江金华市,- 义乌市冠诺汽车用品有限公司 品质可靠退款低 一件起订,11.8,90天销200+件,https://detail.1688.com/offer/1026923924016.html?lang=zh&kjSource=pc&fromkv=refer%3AGVHFESCLLBNFER2BLJCE2T2KKNDU2NCUIVHEEUKHIUZUMNRTIRIUUTSTLBJTKM2QJ5FFGRSHLJGEET2KKJLVCWC2KJDTIM2UI5HEUWSHGRNFIQ2NLJMEONCZKY3DMM2N&bizType=cbu&customerId=cbu
厂家直销汽车后备箱宠物垫防水车尾箱垫SUV通用涤溚夫车载宠物垫,2026/03/02 上架,浙江金华市,- 义乌市芳琦汽车用品厂(个体工商户) 一件起订 先采后付,12.79,90天销200+件,https://detail.1688.com/offer/1025868618633.html?lang=zh&kjSource=pc&fromkv=refer%3AGVHFESCLLBNFER2BLJCEWT2CK5EECM2EINHUEV2HJVNFMNRTIRIUUTSTLBJTKM2QJ5FFGRSHLJGEET2KKJLVCWC2KJDTIM2UI5HEUWSHGRNFIQ2NLJMEONCZKY3DMM2N&bizType=cbu&customerId=cbu
供应风扇座垫 凉风座垫 冷风座垫,2026/03/03 上架,-,- 天台歌德工贸有限公司 先采后付,65,90天销200+件,https://detail.1688.com/offer/1028035472361.html?lang=zh&kjSource=pc&fromkv=refer%3AGVHFESCLLBNFER2BLJCFCTKCKRDVKMSEJ5GVEVCHLFMVMNRTIRIUUTSTLBJTKM2QJ5FFGRSHLJGEET2KKJLVCWC2KJDTIM2UI5HEUWSHGRNFIQ2NLJMEONCZKY3DMM2N&bizType=cbu&customerId=cbu
汽车坐垫三件套海藻纤维一体成型座垫四季通用舒适透气防滑座套,2026/02/27 上架,河北邢台市,- 南宫市运通皮毛制品有限责任公司 品质可靠退款低 一件起订,20,90天销100+件,https://detail.1688.com/offer/1024125899605.html?lang=zh&kjSource=pc&fromkv=refer%3AGVHFESCLLBNFER2BLJCESTKKKNDVKNCEKNHUUV2HIEZFMNRTIRIUUTSTLBJTKM2QJ5FFGRSHLJGEET2KKJLVCWC2KJDTIM2UI5HEUWSHGRNFIQ2NLJMEONCZKY3DMM2N&bizType=cbu&customerId=cbu
厂家通用座套汽车座椅套括号皮拼接pu皮革单线菱格车饰透气座垫,2026/02/28 上架,浙江金华市,- 义乌市冠诺汽车用品有限公司 一件起订 先采后付,36.8,90天销100+件,https://detail.1688.com/offer/1025187726769.html?lang=zh&kjSource=pc&fromkv=refer%3AGVHFESCLLBNFER2BLJCEWTKKLFDTIM2UIVHFEWCHLE2FMNRTIRIUUTSTLBJTKM2QJ5FFGRSHLJGEET2KKJLVCWC2KJDTIM2UI5HEUWSHGRNFIQ2NLJMEONCZKY3DMM2N&bizType=cbu&customerId=cbu
专订链接 汽车头枕套印花 可贴标代发来图制作 跨境爆款通用热销,2026/03/04 上架,浙江天台县,- 天台博睿汽车用品有限公司 品质可靠退款低 一件起订,6,90天销100+件,https://detail.1688.com/offer/1028160124971.html?lang=zh&kjSource=pc&fromkv=refer%3AGVHFESCLLBNFER2BLJCFCTKKK5DUCWKUIVHEEWSHGRMVMNRTIRIUUTSTLBJTKM2QJ5FFGRSHLJGEET2KKJLVCWC2KJDTIM2UI5HEUWSHGRNFIQ2NLJMEONCZKY3DMM2N&bizType=cbu&customerId=cbu
工厂代发夏季汽车坐垫冰丝三件套汽车座垫批发无靠背凉垫四季通用,2026/03/01 上架,河北南宫市,- 南宫市森典汽车用品厂 品质可靠退款低 一件起订,3.99,90天销100+件,https://detail.1688.com/offer/1026528361468.html?lang=zh&kjSource=pc&fromkv=refer%3AGVHFESCLLBNFER2BLJCE2TSKKNEECWSUJVGUUVKHLE2EMNRTIRIUUTSTLBJTKM2QJ5FFGRSHLJGEET2KKJLVCWC2KJDTIM2UI5HEUWSHGRNFIQ2NLJMEONCZKY3DMM2N&bizType=cbu&customerId=cbu
简约通用座套压机花痕布艺座椅套四季通用型汽车五座 9件套坐垫,2026/02/28 上架,浙江金华市,- 义乌市冠诺汽车用品有限公司 一件起订 先采后付,19.8,90天销100+件,https://detail.1688.com/offer/1024537191780.html?lang=zh&kjSource=pc&fromkv=refer%3AGVHFESCLLBNFER2BLJCESTSKKRDTIWKUKNGUUWCIIFMUMNRTIRIUUTSTLBJTKM2QJ5FFGRSHLJGEET2KKJLVCWC2KJDTIM2UI5HEUWSHGRNFIQ2NLJMEONCZKY3DMM2N&bizType=cbu&customerId=cbu
花卉星星月亮14件,2026/02/28 上架,浙江义乌市,- 义乌市科感电子商务有限公司 先采后付,70,90天销100+件,https://detail.1688.com/offer/1027012128724.html?lang=zh&kjSource=pc&fromkv=refer%3AGVHFESCLLBNFER2BLJCE6TKCKJDUSWKUIVHUEWCHJEZEMNRTIRIUUTSTLBJTKM2QJ5FFGRSHLJGEET2KKJLVCWC2KJDTIM2UI5HEUWSHGRNFIQ2NLJMEONCZKY3DMM2N&bizType=cbu&customerId=cbu
新款纳帕皮汽车坐垫皮革四季通用透气全包座套跨境亚马逊tume批发,2026/03/02 上架,浙江台州市,- 天台车居人汽车用品有限公司 品质可靠退款低 一件起订,190,90天销100+件,https://detail.1688.com/offer/1025173247366.html?lang=zh&kjSource=pc&fromkv=refer%3AGVHFESCLLBNFER2BLJCEWTKKLBDU2WSEJFHFUVCHLEZUMNRTIRIUUTSTLBJTKM2QJ5FFGRSHLJGEET2KKJLVCWC2KJDTIM2UI5HEUWSHGRNFIQ2NLJMEONCZKY3DMM2N&bizType=cbu&customerId=cbu
跨境通用五座汽车座套压机款布艺四季通用汽车坐垫套座套厂家直销,2026/03/04 上架,浙江义乌市,- 义乌市新锐汽车用品有限公司 品质可靠退款低 一件起订,16,90天销90+件,https://detail.1688.com/offer/1026695078283.html?lang=zh&kjSource=pc&fromkv=refer%3AGVHFESCLLBNFER2BLJCE2TSSLJDVKWKEJ5HUEU2IIFNFMNRTIRIUUTSTLBJTKM2QJ5FFGRSHLJGEET2KKJLVCWC2KJDTIM2UI5HEUWSHGRNFIQ2NLJMEONCZKY3DMM2N&bizType=cbu&customerId=cbu
厂家直销车载后备箱宠物垫防水宠物垫防脏后备箱垫尾箱垫狗狗坐垫,2026/02/28 上架,浙江金华市,- 义乌市芳琦汽车用品厂(个体工商户) 品质可靠退款低 一件起订,33,90天销90+件,https://detail.1688.com/offer/1026980560126.html?lang=zh&kjSource=pc&fromkv=refer%3AGVHFESCLLBNFER2BLJCE2T2KLFDUCMSUJVGUEUSHJEZUMNRTIRIUUTSTLBJTKM2QJ5FFGRSHLJGEET2KKJLVCWC2KJDTIM2UI5HEUWSHGRNFIQ2NLJMEONCZKY3DMM2N&bizType=cbu&customerId=cbu
亚马逊热销款车载宠物后排垫牛津布加厚坐垫布防水防污后排点垫,2026/02/28 上架,浙江金华市,- 义乌市捷跃汽车用品厂(个体工商户) 品质可靠退款低 一件起订,15.2,90天销80+件,https://detail.1688.com/offer/1026969760162.html?lang=zh&kjSource=pc&fromkv=refer%3AGVHFESCLLBNFER2BLJCE2T2KK5EEKM2UJVGUEUSHLFNEMNRTIRIUUTSTLBJTKM2QJ5FFGRSHLJGEET2KKJLVCWC2KJDTIM2UI5HEUWSHGRNFIQ2NLJMEONCZKY3DMM2N&bizType=cbu&customerId=cbu
跨境temu亚马逊五座通用汽车座椅套腰线设计布艺坐垫椅垫全包座套,2026/03/04 上架,浙江义乌市,- 义乌市新锐汽车用品有限公司 品质可靠退款低 一件起订,11,90天销60+件,https://detail.1688.com/offer/1027583577679.html?lang=zh&kjSource=pc&fromkv=refer%3AGVHFESCLLBNFER2BLJCE6TSKLFDU2MSUJ5HFUV2HGQ2FMNRTIRIUUTSTLBJTKM2QJ5FFGRSHLJGEET2KKJLVCWC2KJDTIM2UI5HEUWSHGRNFIQ2NLJMEONCZKY3DMM2N&bizType=cbu&customerId=cbu
适用于26年BYD比亚迪ATTO 1海鸥Dolphin Mini左右舵脚垫TPE尾箱垫,2026/03/03 上架,广东广州市,- 广州黑胶玩家汽车用品有限公司 先采后付,56.5,90天销60+件,https://detail.1688.com/offer/1027960448591.html?lang=zh&kjSource=pc&fromkv=refer%3AGVHFESCLLBNFER2BLJCE6T2KK5DUCMSEJFHUEVSIIVMVMNRTIRIUUTSTLBJTKM2QJ5FFGRSHLJGEET2KKJLVCWC2KJDTIM2UI5HEUWSHGRNFIQ2NLJMEONCZKY3DMM2N&bizType=cbu&customerId=cbu
新款夏季爆汽车腰靠木珠网格按摩靠背垫车载用品现货批发一件代发,2026/03/02 上架,浙江义乌市,- 义乌市依兹迪汽车用品有限公司 一件起订 先采后付,11,90天销60+件,https://detail.1688.com/offer/1025063291299.html?lang=zh&kjSource=pc&fromkv=refer%3AGVHFESCLLBNFER2BLJCEWTKCK5DU2WSEKNGUUU2IIU2FMNRTIRIUUTSTLBJTKM2QJ5FFGRSHLJGEET2KKJLVCWC2KJDTIM2UI5HEUWSHGRNFIQ2NLJMEONCZKY3DMM2N&bizType=cbu&customerId=cbu
适用于24款丰田ALPHARD/VELLFIRE 40系右驾脚垫简单款右舵脚垫,2026/03/02 上架,广东广州市,- 广州德亿车品有限公司 先采后付,86,90天销50+件,https://detail.1688.com/offer/1027625520491.html?lang=zh&kjSource=pc&fromkv=refer%3AGVHFESCLLBNFER2BLJCE6TSSKNDVKMSUIVGUEVKIIVMVMNRTIRIUUTSTLBJTKM2QJ5FFGRSHLJGEET2KKJLVCWC2KJDTIM2UI5HEUWSHGRNFIQ2NLJMEONCZKY3DMM2N&bizType=cbu&customerId=cbu
适用于Ram700 Fiat Strada 2020-2025专车专用3D定制TPE汽车脚垫,2026/03/04 上架,山东临沂市,- 山东安跃汽车用品有限公司 先采后付,135,90天销50+件,https://detail.1688.com/offer/1027531489896.html?lang=zh&kjSource=pc&fromkv=refer%3AGVHFESCLLBNFER2BLJCE6TSKKRDUKMSEKFHUUWKIIUZUMNRTIRIUUTSTLBJTKM2QJ5FFGRSHLJGEET2KKJLVCWC2KJDTIM2UI5HEUWSHGRNFIQ2NLJMEONCZKY3DMM2N&bizType=cbu&customerId=cbu
通用汽车坐垫夏季透气汽车座套护腰神器腰部支撑车载座椅头枕腰靠,2026/03/03 上架,浙江台州市,- 天台安兴汽车用品厂 一件起订 先采后付,60,90天销50+件,https://detail.1688.com/offer/1027050477959.html?lang=zh&kjSource=pc&fromkv=refer%3AGVHFESCLLBNFER2BLJCE6TKCKZDUCMSEJ5HFUWSHKU2FMNRTIRIUUTSTLBJTKM2QJ5FFGRSHLJGEET2KKJLVCWC2KJDTIM2UI5HEUWSHGRNFIQ2NLJMEONCZKY3DMM2N&bizType=cbu&customerId=cbu
